<?xml version="1.0" encoding="utf-8" ?>
<dwsync>
<file name="t.html" server="c:/www" local="130528287971986200" remote="130528287970000000" Dst="0" />
<file name="core.js" server="d:/serverx" local="130821387300000000" remote="130821387300000000" Dst="0" />
<file name="jqx.js" server="d:/serverx" local="130818697040000000" remote="130818697040000000" Dst="0" />
<file name="jqx.js" server="d:/severx" local="130818697040000000" remote="130818697040000000" Dst="0" />
<file name="core.js" server="d:/severx" local="130828121603821265" remote="130828121600000000" Dst="0" />
<file name="jqx.js" server="d:/server" local="130819237026733129" remote="130819237020000000" Dst="0" />
<file name="core.js" server="d:/server" local="130828661620000000" remote="130828661620000000" Dst="0" />
<file name="core.js" server="D:/server" local="130839510816127161" remote="130839510810000000" Dst="0" />
<file name="untitled.html" server="D:/server" local="130839141364142569" remote="130839141360000000" Dst="0" />
</dwsync>