<?xml version="1.0" encoding="utf-8" ?>
<dwsync>
<file name="jquery-1.10.2.min.js" server="d:/server" local="130807041260000000" remote="130807041260000000" Dst="0" />
<file name="dwr.js" server="d:/server" local="130819366303157317" remote="130819366300000000" Dst="0" />
<file name="jquery-1.10.2.min.js" server="d:/serverx" local="130806501260000000" remote="130806501260000000" Dst="0" />
<file name="dwr.js" server="d:/serverx" local="130823163923320673" remote="130823163920000000" Dst="0" />
<file name="jquery-1.10.2.min.js" server="d:/severx" local="130806501260000000" remote="130806501260000000" Dst="0" />
<file name="dwr.js" server="d:/severx" local="130829602899045366" remote="130829602890000000" Dst="0" />
<file name="jquery-1.10.2.min.js" server="D:/server" local="130806501244836997" remote="130806501240000000" Dst="0" />
<file name="dwr.js" server="D:/server" local="130839516745838419" remote="130839516740000000" Dst="0" />
</dwsync>